Workbook

Sheet 업체별 요약
A1: 업체 × 설계 분야 누적 건수 (특허목록 시트에서 자동 집계)
A3: 업체 | B3: 임펠러 | C3: 디퓨저·볼류트 | D3: 에어포일 베어링 | E3: 기타 베어링 | F3: 회전체 구조 | G3: 모터 | H3: 냉각유로 | I3: 제어·서지 | J3: 시스템 | K3: 기타 | L3: 합계 | M3: 중요도 '상'
A4: LG전자 | B4: =COUNTIFS(특허목록!$B:$B,$A4,특허목록!$J:$J,B$3) -> 0 | C4: =COUNTIFS(특허목록!$B:$B,$A4,특허목록!$J:$J,C$3) -> 0 | D4: =COUNTIFS(특허목록!$B:$B,$A4,특허목록!$J:$J,D$3) -> 1 | E4: =COUNTIFS(특허목록!$B:$B,$A4,특허목록!$J:$J,E$3) -> 0 | F4: =COUNTIFS(특허목록!$B:$B,$A4,특허목록!$J:$J,F$3) -> 0 | G4: =COUNTIFS(특허목록!$B:$B,$A4,특허목록!$J:$J,G$3) -> 0 | H4: =COUNTIFS(특허목록!$B:$B,$A4,특허목록!$J:$J,H$3) -> 0 | I4: =COUNTIFS(특허목록!$B:$B,$A4,특허목록!$J:$J,I$3) -> 0 | ... K4: =COUNTIFS(특허목록!$B:$B,$A4,특허목록!$J:$J,K$3) -> 0 | L4: =SUM(B4:K4) -> 1 | M4: =COUNTIFS(특허목록!$B:$B,$A4,특허목록!$N:$N,"상") -> 0
A5: 댄포스 | B5: =COUNTIFS(특허목록!$B:$B,$A5,특허목록!$J:$J,B$3) -> 0 | C5: =COUNTIFS(특허목록!$B:$B,$A5,특허목록!$J:$J,C$3) -> 0 | D5: =COUNTIFS(특허목록!$B:$B,$A5,특허목록!$J:$J,D$3) -> 0 | E5: =COUNTIFS(특허목록!$B:$B,$A5,특허목록!$J:$J,E$3) -> 1 | F5: =COUNTIFS(특허목록!$B:$B,$A5,특허목록!$J:$J,F$3) -> 0 | G5: =COUNTIFS(특허목록!$B:$B,$A5,특허목록!$J:$J,G$3) -> 0 | H5: =COUNTIFS(특허목록!$B:$B,$A5,특허목록!$J:$J,H$3) -> 0 | I5: =COUNTIFS(특허목록!$B:$B,$A5,특허목록!$J:$J,I$3) -> 0 | ... K5: =COUNTIFS(특허목록!$B:$B,$A5,특허목록!$J:$J,K$3) -> 0 | L5: =SUM(B5:K5) -> 2 | M5: =COUNTIFS(특허목록!$B:$B,$A5,특허목록!$N:$N,"상") -> 0
A6: 코플랜드 | B6: =COUNTIFS(특허목록!$B:$B,$A6,특허목록!$J:$J,B$3) -> 0 | C6: =COUNTIFS(특허목록!$B:$B,$A6,특허목록!$J:$J,C$3) -> 0 | D6: =COUNTIFS(특허목록!$B:$B,$A6,특허목록!$J:$J,D$3) -> 0 | E6: =COUNTIFS(특허목록!$B:$B,$A6,특허목록!$J:$J,E$3) -> 0 | F6: =COUNTIFS(특허목록!$B:$B,$A6,특허목록!$J:$J,F$3) -> 0 | G6: =COUNTIFS(특허목록!$B:$B,$A6,특허목록!$J:$J,G$3) -> 0 | H6: =COUNTIFS(특허목록!$B:$B,$A6,특허목록!$J:$J,H$3) -> 0 | I6: =COUNTIFS(특허목록!$B:$B,$A6,특허목록!$J:$J,I$3) -> 1 | ... K6: =COUNTIFS(특허목록!$B:$B,$A6,특허목록!$J:$J,K$3) -> 0 | L6: =SUM(B6:K6) -> 1 | M6: =COUNTIFS(특허목록!$B:$B,$A6,특허목록!$N:$N,"상") -> 0
A7: 덴소 | B7: =COUNTIFS(특허목록!$B:$B,$A7,특허목록!$J:$J,B$3) -> 0 | C7: =COUNTIFS(특허목록!$B:$B,$A7,특허목록!$J:$J,C$3) -> 0 | D7: =COUNTIFS(특허목록!$B:$B,$A7,특허목록!$J:$J,D$3) -> 0 | E7: =COUNTIFS(특허목록!$B:$B,$A7,특허목록!$J:$J,E$3) -> 0 | F7: =COUNTIFS(특허목록!$B:$B,$A7,특허목록!$J:$J,F$3) -> 0 | G7: =COUNTIFS(특허목록!$B:$B,$A7,특허목록!$J:$J,G$3) -> 0 | H7: =COUNTIFS(특허목록!$B:$B,$A7,특허목록!$J:$J,H$3) -> 0 | I7: =COUNTIFS(특허목록!$B:$B,$A7,특허목록!$J:$J,I$3) -> 0 | ... K7: =COUNTIFS(특허목록!$B:$B,$A7,특허목록!$J:$J,K$3) -> 0 | L7: =SUM(B7:K7) -> 0 | M7: =COUNTIFS(특허목록!$B:$B,$A7,특허목록!$N:$N,"상") -> 0
A8: 다이킨 | B8: =COUNTIFS(특허목록!$B:$B,$A8,특허목록!$J:$J,B$3) -> 1 | C8: =COUNTIFS(특허목록!$B:$B,$A8,특허목록!$J:$J,C$3) -> 0 | D8: =COUNTIFS(특허목록!$B:$B,$A8,특허목록!$J:$J,D$3) -> 0 | E8: =COUNTIFS(특허목록!$B:$B,$A8,특허목록!$J:$J,E$3) -> 0 | F8: =COUNTIFS(특허목록!$B:$B,$A8,특허목록!$J:$J,F$3) -> 0 | G8: =COUNTIFS(특허목록!$B:$B,$A8,특허목록!$J:$J,G$3) -> 0 | H8: =COUNTIFS(특허목록!$B:$B,$A8,특허목록!$J:$J,H$3) -> 0 | I8: =COUNTIFS(특허목록!$B:$B,$A8,특허목록!$J:$J,I$3) -> 0 | ... K8: =COUNTIFS(특허목록!$B:$B,$A8,특허목록!$J:$J,K$3) -> 0 | L8: =SUM(B8:K8) -> 1 | M8: =COUNTIFS(특허목록!$B:$B,$A8,특허목록!$N:$N,"상") -> 0
A9: 티앤이코리아 | B9: =COUNTIFS(특허목록!$B:$B,$A9,특허목록!$J:$J,B$3) -> 0 | C9: =COUNTIFS(특허목록!$B:$B,$A9,특허목록!$J:$J,C$3) -> 0 | D9: =COUNTIFS(특허목록!$B:$B,$A9,특허목록!$J:$J,D$3) -> 1 | E9: =COUNTIFS(특허목록!$B:$B,$A9,특허목록!$J:$J,E$3) -> 0 | F9: =COUNTIFS(특허목록!$B:$B,$A9,특허목록!$J:$J,F$3) -> 0 | G9: =COUNTIFS(특허목록!$B:$B,$A9,특허목록!$J:$J,G$3) -> 0 | H9: =COUNTIFS(특허목록!$B:$B,$A9,특허목록!$J:$J,H$3) -> 1 | I9: =COUNTIFS(특허목록!$B:$B,$A9,특허목록!$J:$J,I$3) -> 0 | ... K9: =COUNTIFS(특허목록!$B:$B,$A9,특허목록!$J:$J,K$3) -> 0 | L9: =SUM(B9:K9) -> 2 | M9: =COUNTIFS(특허목록!$B:$B,$A9,특허목록!$N:$N,"상") -> 0
A10: 터보맥스 | B10: =COUNTIFS(특허목록!$B:$B,$A10,특허목록!$J:$J,B$3) -> 0 | C10: =COUNTIFS(특허목록!$B:$B,$A10,특허목록!$J:$J,C$3) -> 0 | D10: =COUNTIFS(특허목록!$B:$B,$A10,특허목록!$J:$J,D$3) -> 0 | E10: =COUNTIFS(특허목록!$B:$B,$A10,특허목록!$J:$J,E$3) -> 0 | F10: =COUNTIFS(특허목록!$B:$B,$A10,특허목록!$J:$J,F$3) -> 1 | G10: =COUNTIFS(특허목록!$B:$B,$A10,특허목록!$J:$J,G$3) -> 0 | H10: =COUNTIFS(특허목록!$B:$B,$A10,특허목록!$J:$J,H$3) -> 0 | I10: =COUNTIFS(특허목록!$B:$B,$A10,특허목록!$J:$J,I$3) -> 0 | ... K10: =COUNTIFS(특허목록!$B:$B,$A10,특허목록!$J:$J,K$3) -> 0 | L10: =SUM(B10:K10) -> 1 | M10: =COUNTIFS(특허목록!$B:$B,$A10,특허목록!$N:$N,"상") -> 0
A11: 기타 | B11: =COUNTIFS(특허목록!$B:$B,$A11,특허목록!$J:$J,B$3) -> 0 | C11: =COUNTIFS(특허목록!$B:$B,$A11,특허목록!$J:$J,C$3) -> 0 | D11: =COUNTIFS(특허목록!$B:$B,$A11,특허목록!$J:$J,D$3) -> 0 | E11: =COUNTIFS(특허목록!$B:$B,$A11,특허목록!$J:$J,E$3) -> 1 | F11: =COUNTIFS(특허목록!$B:$B,$A11,특허목록!$J:$J,F$3) -> 0 | G11: =COUNTIFS(특허목록!$B:$B,$A11,특허목록!$J:$J,G$3) -> 0 | H11: =COUNTIFS(특허목록!$B:$B,$A11,특허목록!$J:$J,H$3) -> 0 | I11: =COUNTIFS(특허목록!$B:$B,$A11,특허목록!$J:$J,I$3) -> 0 | ... K11: =COUNTIFS(특허목록!$B:$B,$A11,특허목록!$J:$J,K$3) -> 0 | L11: =SUM(B11:K11) -> 1 | M11: =COUNTIFS(특허목록!$B:$B,$A11,특허목록!$N:$N,"상") -> 0
A12: 합계 | B12: =SUM(B4:B11) -> 1 | C12: =SUM(C4:C11) -> 0 | D12: =SUM(D4:D11) -> 2 | E12: =SUM(E4:E11) -> 2 | F12: =SUM(F4:F11) -> 1 | G12: =SUM(G4:G11) -> 0 | H12: =SUM(H4:H11) -> 1 | I12: =SUM(I4:I11) -> 1 | ... M12: =SUM(M4:M11) -> 0

Sheet 특허목록
A1: 보고일 | B1: 업체 | C1: 출원인(원문) | D1: 국가 | E1: 공개/등록번호 | F1: 구분 | G1: 제목 | H1: 공개일 | I1: 출원일 | J1: 설계 분야 | K1: 용도 | L1: 핵심 내용(설계 관점) | M1: 링크 | N1: 중요도 | O1: 검토 메모
A2: 2026-10-26 | B2: 댄포스 | C2: Danfoss | D2: WO | E2: WO2026024384A1 | F2: 공개 | G2: Refrigerant compressor including configuration of axial and centrifugal stages | H2: 2026-01-29 | I2: 2025-06-17 | J2: 시스템 | K2: 냉매(칠러) | L2: [원문확인] 축 한쪽에 축류단→원심단, 반대쪽에 축류단→원심단을 배치한 4단 냉매 압축기(축류+원심 2쌍 배면 배치). 원심단 앞에 축류단을 두어 단당 부하를 나누는 구성. | M2: https://patents.google.com/patent/WO2026024384A1/en
A3: 2026-10-26 | B3: 댄포스 | C3: Danfoss | D3: US | E3: US20240247686A1 | F3: 공개 | G3: Refrigerant compressor including grooved auxiliary bearing interface | H3: 2024-07-25 | I3: 2024-01-02 | J3: 기타 베어링 | K3: 냉매(칠러) | L3: [원문확인][참고] 자기베어링으로 축을 띄우는 냉매 압축기에서, 보조(터치다운) 베어링과 축 접촉면에 홈을 낸 구조. 착지 시 마찰·손상 저감 목적. ※이전 '2026-04 등록'은 오류, 2024-07 공개 출원임. | M3: https://patents.google.com/patent/US20240247686A1/en
A4: 2026-10-26 | B4: 다이킨 | C4: Daikin Industries | D4: JP | E4: JP2026061434A | F4: 공개 | G4: ターボ圧縮機及び冷凍装置 (터보 압축기 및 냉동 장치) | H4: 2026-04-09 | I4: 2024-09-30 | J4: 임펠러 | K4: 냉매(칠러) | L4: [원문확인] 케이싱에 갭센서를 달아 임펠러 날개와 케이싱(슈라우드면) 사이 간극을 측정하고, 제어부가 그 값으로 간극 크기를 제어. 팁 간극 관리로 효율 확보. | M4: https://patents.google.com/patent/JP2026061434A/en
A5: 2026-10-26 | B5: 기타 | C5: Hamilton Sundstrand | D5: US | E5: US12584521B2 | F5: 등록 | G5: Hybrid airfoil bearing with active damping (제목 요지) | H5: 2026-03-24 | I5: 2023-07-31 | J5: 기타 베어링 | K5: 기타 | L5: [원문확인] 수동 자기베어링(축·고정부에 내장)으로 반경 방향을 지지하고, 축과 함께 도는 자석이 고정 코일에 유도 전류를 만들어 축 자세 변화를 감지·감쇠하는 하이브리드 베어링. ※에어포일 베어링 아님(이전 분류 오류). | M5: https://patents.google.com/patent/US12584521B2/en
A6: 2026-10-26 | B6: 티앤이코리아 | C6: T&E Korea | D6: WO | E6: WO2025226066A1 | F6: 공개 | G6: Journal foil air bearing for bidirectional rotation | H6: 2025-10-30 | I6: 2025-04-24 | J6: 에어포일 베어링 | K6: 공기(블로어) | L6: [원문확인][참고] 저널 포일 공기 베어링: 탑포일·범프포일 양 끝을 'L'자로 꺾어 고정부를 만들고 결합 구멍으로 고정, 정·역 양방향 회전 대응. | M6: https://patents.google.com/patent/WO2025226066A1/en
A7: 2026-10-26 | B7: 티앤이코리아 | C7: T&E Korea | D7: US | E7: US11009043B2 | F7: 등록 | G7: Turbo compressor including intercooler | H7: 2021-05-18 | I7: 2017-11-07 | J7: 냉각유로 | K7: 공기(블로어) | L7: [원문확인][참고] 1단·2단 임펠러를 모터 양단에 단 2단 터보 압축기. 하우징 안에 인터쿨러(공기 유로+냉각 유로)를 넣어 1단 압축 공기를 식힌 뒤 2단으로 보냄. | M7: https://patents.google.com/patent/US11009043B2/en
A8: 2026-10-26 | B8: LG전자 | C8: LG Electronics | D8: US | E8: US11193529B2 | F8: 등록 | G8: Thrust bearing for turbo compressor | H8: 2021-12-07 | I8: 2020-03-09 | J8: 에어포일 베어링 | K8: 냉매(칠러) | L8: [원문확인][참고] 스러스트 러너 회전 시 변형이 큰 부위에 맞춰 범프포일/탑포일 구조를 바꾼 포일 스러스트 베어링. 유막 두께를 일정하게 유지해 부하 지지력·내구성 향상. ※분류를 에어포일 베어링으로 수정. | M8: https://patents.google.com/patent/US11193529
A9: 2026-10-26 | B9: 코플랜드 | C9: Copeland | D9: US | E9: US12180974B2 | F9: 등록 | G9: Variable inlet guide vane apparatus and compressor including same | H9: 2024-12-31 | I9: 2022-03-24 | J9: 제어·서지 | K9: 냉매(칠러) | L9: [원문확인][참고] 1·2 하우징 사이에 가이드 베인 축(stem)을 끼우고, 하우징 밖 링기어로 베인 기어를 돌려 각도를 바꾸는 가변 IGV. 축방향 이동 제한 구조 포함. | M9: https://patents.google.com/patent/US12180974B2/en
A10: 2026-10-26 | B10: 터보맥스 | C10: TurboMAX | D10: KR | E10: KR101705784B1 | F10: 등록 | G10: 축하중 저감 구조를 갖는 터보블로어 | J10: 회전체 구조 | K10: 공기(블로어) | L10: [원문 미확인 - Google 일시 차단] 냉각팬 압력으로 앞쪽 축하중을 상쇄하는 터보블로어(검색 요약 기준). | M10: https://patents.google.com/patent/KR101705784B1/en

Sheet 목록
A1: LG전자 | B1: 임펠러 | C1: 상 | D1: 공개 | E1: 냉매(칠러) | F1: KR
A2: 댄포스 | B2: 디퓨저·볼류트 | C2: 중 | D2: 등록 | E2: 냉매(히트펌프) | F2: US
A3: 코플랜드 | B3: 에어포일 베어링 | C3: 하 | E3: 공기(블로어) | F3: EP
A4: 덴소 | B4: 기타 베어링 | E4: 차량·연료전지 | F4: WO
A5: 다이킨 | B5: 회전체 구조 | E5: 기타 | F5: JP
A6: 티앤이코리아 | B6: 모터 | F6: CN
A7: 터보맥스 | B7: 냉각유로 | F7: DE
A8: 기타 | B8: 제어·서지 | F8: 기타
B9: 시스템
B10: 기타

Sheet 사용법
A1: 터보(원심) 압축기 특허 누적 목록
A3: ■ 시트 구성
A4: · 업체별 요약 : 업체 × 설계 분야 건수가 자동으로 계산됩니다 (직접 입력 X).
A5: · 특허목록 : 매주 월요일 새 특허가 아래로 계속 추가됩니다. 이번 주 추가분은 연두색으로 표시.
A7: ■ 누가 무엇을 채우나
A8: · A~M열 (파란 머리글) : Claude가 매주 자동 입력.
A9: · N~O열 (노란 칸, 금색 머리글) : 검토자(본인)가 중요도(상/중/하)와 메모를 입력.
A13: ■ 드롭다운(선택 목록) 칸 : 업체, 국가, 구분, 설계 분야, 용도, 중요도
A14: ■ 머리글에 필터가 걸려 있어 업체·설계 분야·중요도로 걸러 볼 수 있습니다.
